Dataset name,Events,fragment,notes,Generator,prepid
ChargedHiggsToCB_M010_TuneCP5_PSweights_13TeV-madgraph-pythia8,300000,"import FWCore.ParameterSet.Config as cms

externalLHEProducer = cms.EDProducer(""ExternalLHEProducer"",
    args = cms.vstring('/cvmfs/cms.cern.ch/phys_generator/gridpacks/slc6_amd64_gcc481/13TeV/madgraph/V5_2.4.2/ChargedHiggsToCB/v1/ChargedHiggsToCB_M010_slc6_amd64_gcc481_CMSSW_7_1_30_tarball.tar.xz'),
    nEvents = cms.untracked.uint32(5000),
    numberOfParameters = cms.uint32(1),
    outputFile = cms.string('cmsgrid_final.lhe'),
    scriptName = cms.FileInPath('GeneratorInterface/LHEInterface/data/run_generic_tarball_cvmfs.sh')
)

#Link to datacards:
#https://github.com/cms-sw/genproductions/tree/master/bin/MadGraph5_aMCatNLO/cards/production/2017/13TeV/ChargedHiggsToCB

## Pythia8 fragment for 13TeV collisions
from Configuration.Generator.Pythia8CommonSettings_cfi import *
from Configuration.Generator.MCTunes2017.PythiaCP5Settings_cfi import *

generator = cms.EDFilter(""Pythia8HadronizerFilter"",
    pythiaHepMCVerbosity = cms.untracked.bool(False),
    maxEventsToPrint = cms.untracked.int32(0),
    pythiaPylistVerbosity = cms.untracked.int32(1),
    filterEfficiency = cms.untracked.double(1.0),
    crossSection = cms.untracked.double(0.0),
    comEnergy = cms.double(13000.0),
    PythiaParameters = cms.PSet(
        pythia8CommonSettingsBlock,
        pythia8CP5SettingsBlock,
        processParameters = cms.vstring(
            
#PSweights
        'UncertaintyBands:doVariations = on',
# 3 sets of variations for ISR&FSR up/down
# Reduced sqrt(2)/(1/sqrt(2)), Default 2/0.5 and Conservative 4/0.25 variations
        'UncertaintyBands:List = {isrRedHi isr:muRfac=0.707,fsrRedHi fsr:muRfac=0.707,isrRedLo isr:muRfac=1.414,fsrRedLo fsr:muRfac=1.414,isrDefHi isr:muRfac=0.5, fsrDefHi fsr:muRfac=0.5,isrDefLo isr:muRfac=2.0,fsrDefLo fsr:muRfac=2.0,isrConHi isr:muRfac=0.25, fsrConHi fsr:muRfac=0.25,isrConLo isr:muRfac=4.0,fsrConLo fsr:muRfac=4.0}',
 
        'UncertaintyBands:MPIshowers = on',
        'UncertaintyBands:overSampleFSR = 10.0',
        'UncertaintyBands:overSampleISR = 10.0',
        'UncertaintyBands:FSRpTmin2Fac = 20',
        'UncertaintyBands:ISRpTmin2Fac = 1'
        
        ),
        parameterSets = cms.vstring(
            'pythia8CommonSettings',
            'pythia8CP5Settings',
            'processParameters'
        )
    )
)

ProductionFilterSequence = cms.Sequence(generator)
",ChargedHiggsToCB M010 TuneCP5 PSweights 13TeV-madgraph-pythia8,Madgraph_V5_2.4.2 Pythia8,HIG-RunIIFall17wmLHEGS-03435
ChargedHiggsToCB_M020_TuneCP5_PSweights_13TeV-madgraph-pythia8,300000,"import FWCore.ParameterSet.Config as cms

externalLHEProducer = cms.EDProducer(""ExternalLHEProducer"",
    args = cms.vstring('/cvmfs/cms.cern.ch/phys_generator/gridpacks/slc6_amd64_gcc481/13TeV/madgraph/V5_2.4.2/ChargedHiggsToCB/v1/ChargedHiggsToCB_M020_slc6_amd64_gcc481_CMSSW_7_1_30_tarball.tar.xz'),
    nEvents = cms.untracked.uint32(5000),
    numberOfParameters = cms.uint32(1),
    outputFile = cms.string('cmsgrid_final.lhe'),
    scriptName = cms.FileInPath('GeneratorInterface/LHEInterface/data/run_generic_tarball_cvmfs.sh')
)

#Link to datacards:
#https://github.com/cms-sw/genproductions/tree/master/bin/MadGraph5_aMCatNLO/cards/production/2017/13TeV/ChargedHiggsToCB

## Pythia8 fragment for 13TeV collisions
from Configuration.Generator.Pythia8CommonSettings_cfi import *
from Configuration.Generator.MCTunes2017.PythiaCP5Settings_cfi import *

generator = cms.EDFilter(""Pythia8HadronizerFilter"",
    pythiaHepMCVerbosity = cms.untracked.bool(False),
    maxEventsToPrint = cms.untracked.int32(0),
    pythiaPylistVerbosity = cms.untracked.int32(1),
    filterEfficiency = cms.untracked.double(1.0),
    crossSection = cms.untracked.double(0.0),
    comEnergy = cms.double(13000.0),
    PythiaParameters = cms.PSet(
        pythia8CommonSettingsBlock,
        pythia8CP5SettingsBlock,
        processParameters = cms.vstring(
            
#PSweights
        'UncertaintyBands:doVariations = on',
# 3 sets of variations for ISR&FSR up/down
# Reduced sqrt(2)/(1/sqrt(2)), Default 2/0.5 and Conservative 4/0.25 variations
        'UncertaintyBands:List = {isrRedHi isr:muRfac=0.707,fsrRedHi fsr:muRfac=0.707,isrRedLo isr:muRfac=1.414,fsrRedLo fsr:muRfac=1.414,isrDefHi isr:muRfac=0.5, fsrDefHi fsr:muRfac=0.5,isrDefLo isr:muRfac=2.0,fsrDefLo fsr:muRfac=2.0,isrConHi isr:muRfac=0.25, fsrConHi fsr:muRfac=0.25,isrConLo isr:muRfac=4.0,fsrConLo fsr:muRfac=4.0}',
 
        'UncertaintyBands:MPIshowers = on',
        'UncertaintyBands:overSampleFSR = 10.0',
        'UncertaintyBands:overSampleISR = 10.0',
        'UncertaintyBands:FSRpTmin2Fac = 20',
        'UncertaintyBands:ISRpTmin2Fac = 1'
        
        ),
        parameterSets = cms.vstring(
            'pythia8CommonSettings',
            'pythia8CP5Settings',
            'processParameters'
        )
    )
)

ProductionFilterSequence = cms.Sequence(generator)
",ChargedHiggsToCB M020 TuneCP5 PSweights 13TeV-madgraph-pythia8,Madgraph_V5_2.4.2 Pythia8,HIG-RunIIFall17wmLHEGS-03436
ChargedHiggsToCB_M030_TuneCP5_PSweights_13TeV-madgraph-pythia8,300000,"import FWCore.ParameterSet.Config as cms

externalLHEProducer = cms.EDProducer(""ExternalLHEProducer"",
    args = cms.vstring('/cvmfs/cms.cern.ch/phys_generator/gridpacks/slc6_amd64_gcc481/13TeV/madgraph/V5_2.4.2/ChargedHiggsToCB/v1/ChargedHiggsToCB_M030_slc6_amd64_gcc481_CMSSW_7_1_30_tarball.tar.xz'),
    nEvents = cms.untracked.uint32(5000),
    numberOfParameters = cms.uint32(1),
    outputFile = cms.string('cmsgrid_final.lhe'),
    scriptName = cms.FileInPath('GeneratorInterface/LHEInterface/data/run_generic_tarball_cvmfs.sh')
)

#Link to datacards:
#https://github.com/cms-sw/genproductions/tree/master/bin/MadGraph5_aMCatNLO/cards/production/2017/13TeV/ChargedHiggsToCB

## Pythia8 fragment for 13TeV collisions
from Configuration.Generator.Pythia8CommonSettings_cfi import *
from Configuration.Generator.MCTunes2017.PythiaCP5Settings_cfi import *

generator = cms.EDFilter(""Pythia8HadronizerFilter"",
    pythiaHepMCVerbosity = cms.untracked.bool(False),
    maxEventsToPrint = cms.untracked.int32(0),
    pythiaPylistVerbosity = cms.untracked.int32(1),
    filterEfficiency = cms.untracked.double(1.0),
    crossSection = cms.untracked.double(0.0),
    comEnergy = cms.double(13000.0),
    PythiaParameters = cms.PSet(
        pythia8CommonSettingsBlock,
        pythia8CP5SettingsBlock,
        processParameters = cms.vstring(
            
#PSweights
        'UncertaintyBands:doVariations = on',
# 3 sets of variations for ISR&FSR up/down
# Reduced sqrt(2)/(1/sqrt(2)), Default 2/0.5 and Conservative 4/0.25 variations
        'UncertaintyBands:List = {isrRedHi isr:muRfac=0.707,fsrRedHi fsr:muRfac=0.707,isrRedLo isr:muRfac=1.414,fsrRedLo fsr:muRfac=1.414,isrDefHi isr:muRfac=0.5, fsrDefHi fsr:muRfac=0.5,isrDefLo isr:muRfac=2.0,fsrDefLo fsr:muRfac=2.0,isrConHi isr:muRfac=0.25, fsrConHi fsr:muRfac=0.25,isrConLo isr:muRfac=4.0,fsrConLo fsr:muRfac=4.0}',
 
        'UncertaintyBands:MPIshowers = on',
        'UncertaintyBands:overSampleFSR = 10.0',
        'UncertaintyBands:overSampleISR = 10.0',
        'UncertaintyBands:FSRpTmin2Fac = 20',
        'UncertaintyBands:ISRpTmin2Fac = 1'
        
        ),
        parameterSets = cms.vstring(
            'pythia8CommonSettings',
            'pythia8CP5Settings',
            'processParameters'
        )
    )
)

ProductionFilterSequence = cms.Sequence(generator)
",ChargedHiggsToCB M030 TuneCP5 PSweights 13TeV-madgraph-pythia8,Madgraph_V5_2.4.2 Pythia8,HIG-RunIIFall17wmLHEGS-03437
ChargedHiggsToCB_M040_TuneCP5_PSweights_13TeV-madgraph-pythia8,300000,"import FWCore.ParameterSet.Config as cms

externalLHEProducer = cms.EDProducer(""ExternalLHEProducer"",
    args = cms.vstring('/cvmfs/cms.cern.ch/phys_generator/gridpacks/slc6_amd64_gcc481/13TeV/madgraph/V5_2.4.2/ChargedHiggsToCB/v1/ChargedHiggsToCB_M040_slc6_amd64_gcc481_CMSSW_7_1_30_tarball.tar.xz'),
    nEvents = cms.untracked.uint32(5000),
    numberOfParameters = cms.uint32(1),
    outputFile = cms.string('cmsgrid_final.lhe'),
    scriptName = cms.FileInPath('GeneratorInterface/LHEInterface/data/run_generic_tarball_cvmfs.sh')
)

#Link to datacards:
#https://github.com/cms-sw/genproductions/tree/master/bin/MadGraph5_aMCatNLO/cards/production/2017/13TeV/ChargedHiggsToCB

## Pythia8 fragment for 13TeV collisions
from Configuration.Generator.Pythia8CommonSettings_cfi import *
from Configuration.Generator.MCTunes2017.PythiaCP5Settings_cfi import *

generator = cms.EDFilter(""Pythia8HadronizerFilter"",
    pythiaHepMCVerbosity = cms.untracked.bool(False),
    maxEventsToPrint = cms.untracked.int32(0),
    pythiaPylistVerbosity = cms.untracked.int32(1),
    filterEfficiency = cms.untracked.double(1.0),
    crossSection = cms.untracked.double(0.0),
    comEnergy = cms.double(13000.0),
    PythiaParameters = cms.PSet(
        pythia8CommonSettingsBlock,
        pythia8CP5SettingsBlock,
        processParameters = cms.vstring(
            
#PSweights
        'UncertaintyBands:doVariations = on',
# 3 sets of variations for ISR&FSR up/down
# Reduced sqrt(2)/(1/sqrt(2)), Default 2/0.5 and Conservative 4/0.25 variations
        'UncertaintyBands:List = {isrRedHi isr:muRfac=0.707,fsrRedHi fsr:muRfac=0.707,isrRedLo isr:muRfac=1.414,fsrRedLo fsr:muRfac=1.414,isrDefHi isr:muRfac=0.5, fsrDefHi fsr:muRfac=0.5,isrDefLo isr:muRfac=2.0,fsrDefLo fsr:muRfac=2.0,isrConHi isr:muRfac=0.25, fsrConHi fsr:muRfac=0.25,isrConLo isr:muRfac=4.0,fsrConLo fsr:muRfac=4.0}',
 
        'UncertaintyBands:MPIshowers = on',
        'UncertaintyBands:overSampleFSR = 10.0',
        'UncertaintyBands:overSampleISR = 10.0',
        'UncertaintyBands:FSRpTmin2Fac = 20',
        'UncertaintyBands:ISRpTmin2Fac = 1'
        
        ),
        parameterSets = cms.vstring(
            'pythia8CommonSettings',
            'pythia8CP5Settings',
            'processParameters'
        )
    )
)

ProductionFilterSequence = cms.Sequence(generator)
",ChargedHiggsToCB M040 TuneCP5 PSweights 13TeV-madgraph-pythia8,Madgraph_V5_2.4.2 Pythia8,HIG-RunIIFall17wmLHEGS-03438
ChargedHiggsToCB_M050_TuneCP5_PSweights_13TeV-madgraph-pythia8,300000,"import FWCore.ParameterSet.Config as cms

externalLHEProducer = cms.EDProducer(""ExternalLHEProducer"",
    args = cms.vstring('/cvmfs/cms.cern.ch/phys_generator/gridpacks/slc6_amd64_gcc481/13TeV/madgraph/V5_2.4.2/ChargedHiggsToCB/v1/ChargedHiggsToCB_M050_slc6_amd64_gcc481_CMSSW_7_1_30_tarball.tar.xz'),
    nEvents = cms.untracked.uint32(5000),
    numberOfParameters = cms.uint32(1),
    outputFile = cms.string('cmsgrid_final.lhe'),
    scriptName = cms.FileInPath('GeneratorInterface/LHEInterface/data/run_generic_tarball_cvmfs.sh')
)

#Link to datacards:
#https://github.com/cms-sw/genproductions/tree/master/bin/MadGraph5_aMCatNLO/cards/production/2017/13TeV/ChargedHiggsToCB

## Pythia8 fragment for 13TeV collisions
from Configuration.Generator.Pythia8CommonSettings_cfi import *
from Configuration.Generator.MCTunes2017.PythiaCP5Settings_cfi import *

generator = cms.EDFilter(""Pythia8HadronizerFilter"",
    pythiaHepMCVerbosity = cms.untracked.bool(False),
    maxEventsToPrint = cms.untracked.int32(0),
    pythiaPylistVerbosity = cms.untracked.int32(1),
    filterEfficiency = cms.untracked.double(1.0),
    crossSection = cms.untracked.double(0.0),
    comEnergy = cms.double(13000.0),
    PythiaParameters = cms.PSet(
        pythia8CommonSettingsBlock,
        pythia8CP5SettingsBlock,
        processParameters = cms.vstring(
            
#PSweights
        'UncertaintyBands:doVariations = on',
# 3 sets of variations for ISR&FSR up/down
# Reduced sqrt(2)/(1/sqrt(2)), Default 2/0.5 and Conservative 4/0.25 variations
        'UncertaintyBands:List = {isrRedHi isr:muRfac=0.707,fsrRedHi fsr:muRfac=0.707,isrRedLo isr:muRfac=1.414,fsrRedLo fsr:muRfac=1.414,isrDefHi isr:muRfac=0.5, fsrDefHi fsr:muRfac=0.5,isrDefLo isr:muRfac=2.0,fsrDefLo fsr:muRfac=2.0,isrConHi isr:muRfac=0.25, fsrConHi fsr:muRfac=0.25,isrConLo isr:muRfac=4.0,fsrConLo fsr:muRfac=4.0}',
 
        'UncertaintyBands:MPIshowers = on',
        'UncertaintyBands:overSampleFSR = 10.0',
        'UncertaintyBands:overSampleISR = 10.0',
        'UncertaintyBands:FSRpTmin2Fac = 20',
        'UncertaintyBands:ISRpTmin2Fac = 1'
        
        ),
        parameterSets = cms.vstring(
            'pythia8CommonSettings',
            'pythia8CP5Settings',
            'processParameters'
        )
    )
)

ProductionFilterSequence = cms.Sequence(generator)
",ChargedHiggsToCB M050 TuneCP5 PSweights 13TeV-madgraph-pythia8,Madgraph_V5_2.4.2 Pythia8,HIG-RunIIFall17wmLHEGS-03439
ChargedHiggsToCB_M060_TuneCP5_PSweights_13TeV-madgraph-pythia8,300000,"import FWCore.ParameterSet.Config as cms

externalLHEProducer = cms.EDProducer(""ExternalLHEProducer"",
    args = cms.vstring('/cvmfs/cms.cern.ch/phys_generator/gridpacks/slc6_amd64_gcc481/13TeV/madgraph/V5_2.4.2/ChargedHiggsToCB/v1/ChargedHiggsToCB_M060_slc6_amd64_gcc481_CMSSW_7_1_30_tarball.tar.xz'),
    nEvents = cms.untracked.uint32(5000),
    numberOfParameters = cms.uint32(1),
    outputFile = cms.string('cmsgrid_final.lhe'),
    scriptName = cms.FileInPath('GeneratorInterface/LHEInterface/data/run_generic_tarball_cvmfs.sh')
)

#Link to datacards:
#https://github.com/cms-sw/genproductions/tree/master/bin/MadGraph5_aMCatNLO/cards/production/2017/13TeV/ChargedHiggsToCB

## Pythia8 fragment for 13TeV collisions
from Configuration.Generator.Pythia8CommonSettings_cfi import *
from Configuration.Generator.MCTunes2017.PythiaCP5Settings_cfi import *

generator = cms.EDFilter(""Pythia8HadronizerFilter"",
    pythiaHepMCVerbosity = cms.untracked.bool(False),
    maxEventsToPrint = cms.untracked.int32(0),
    pythiaPylistVerbosity = cms.untracked.int32(1),
    filterEfficiency = cms.untracked.double(1.0),
    crossSection = cms.untracked.double(0.0),
    comEnergy = cms.double(13000.0),
    PythiaParameters = cms.PSet(
        pythia8CommonSettingsBlock,
        pythia8CP5SettingsBlock,
        processParameters = cms.vstring(
            
#PSweights
        'UncertaintyBands:doVariations = on',
# 3 sets of variations for ISR&FSR up/down
# Reduced sqrt(2)/(1/sqrt(2)), Default 2/0.5 and Conservative 4/0.25 variations
        'UncertaintyBands:List = {isrRedHi isr:muRfac=0.707,fsrRedHi fsr:muRfac=0.707,isrRedLo isr:muRfac=1.414,fsrRedLo fsr:muRfac=1.414,isrDefHi isr:muRfac=0.5, fsrDefHi fsr:muRfac=0.5,isrDefLo isr:muRfac=2.0,fsrDefLo fsr:muRfac=2.0,isrConHi isr:muRfac=0.25, fsrConHi fsr:muRfac=0.25,isrConLo isr:muRfac=4.0,fsrConLo fsr:muRfac=4.0}',
 
        'UncertaintyBands:MPIshowers = on',
        'UncertaintyBands:overSampleFSR = 10.0',
        'UncertaintyBands:overSampleISR = 10.0',
        'UncertaintyBands:FSRpTmin2Fac = 20',
        'UncertaintyBands:ISRpTmin2Fac = 1'
        
        ),
        parameterSets = cms.vstring(
            'pythia8CommonSettings',
            'pythia8CP5Settings',
            'processParameters'
        )
    )
)

ProductionFilterSequence = cms.Sequence(generator)
",ChargedHiggsToCB M060 TuneCP5 PSweights 13TeV-madgraph-pythia8,Madgraph_V5_2.4.2 Pythia8,HIG-RunIIFall17wmLHEGS-03440
ChargedHiggsToCB_M070_TuneCP5_PSweights_13TeV-madgraph-pythia8,300000,"import FWCore.ParameterSet.Config as cms

externalLHEProducer = cms.EDProducer(""ExternalLHEProducer"",
    args = cms.vstring('/cvmfs/cms.cern.ch/phys_generator/gridpacks/slc6_amd64_gcc481/13TeV/madgraph/V5_2.4.2/ChargedHiggsToCB/v1/ChargedHiggsToCB_M070_slc6_amd64_gcc481_CMSSW_7_1_30_tarball.tar.xz'),
    nEvents = cms.untracked.uint32(5000),
    numberOfParameters = cms.uint32(1),
    outputFile = cms.string('cmsgrid_final.lhe'),
    scriptName = cms.FileInPath('GeneratorInterface/LHEInterface/data/run_generic_tarball_cvmfs.sh')
)

#Link to datacards:
#https://github.com/cms-sw/genproductions/tree/master/bin/MadGraph5_aMCatNLO/cards/production/2017/13TeV/ChargedHiggsToCB

## Pythia8 fragment for 13TeV collisions
from Configuration.Generator.Pythia8CommonSettings_cfi import *
from Configuration.Generator.MCTunes2017.PythiaCP5Settings_cfi import *

generator = cms.EDFilter(""Pythia8HadronizerFilter"",
    pythiaHepMCVerbosity = cms.untracked.bool(False),
    maxEventsToPrint = cms.untracked.int32(0),
    pythiaPylistVerbosity = cms.untracked.int32(1),
    filterEfficiency = cms.untracked.double(1.0),
    crossSection = cms.untracked.double(0.0),
    comEnergy = cms.double(13000.0),
    PythiaParameters = cms.PSet(
        pythia8CommonSettingsBlock,
        pythia8CP5SettingsBlock,
        processParameters = cms.vstring(
            
#PSweights
        'UncertaintyBands:doVariations = on',
# 3 sets of variations for ISR&FSR up/down
# Reduced sqrt(2)/(1/sqrt(2)), Default 2/0.5 and Conservative 4/0.25 variations
        'UncertaintyBands:List = {isrRedHi isr:muRfac=0.707,fsrRedHi fsr:muRfac=0.707,isrRedLo isr:muRfac=1.414,fsrRedLo fsr:muRfac=1.414,isrDefHi isr:muRfac=0.5, fsrDefHi fsr:muRfac=0.5,isrDefLo isr:muRfac=2.0,fsrDefLo fsr:muRfac=2.0,isrConHi isr:muRfac=0.25, fsrConHi fsr:muRfac=0.25,isrConLo isr:muRfac=4.0,fsrConLo fsr:muRfac=4.0}',
 
        'UncertaintyBands:MPIshowers = on',
        'UncertaintyBands:overSampleFSR = 10.0',
        'UncertaintyBands:overSampleISR = 10.0',
        'UncertaintyBands:FSRpTmin2Fac = 20',
        'UncertaintyBands:ISRpTmin2Fac = 1'
        
        ),
        parameterSets = cms.vstring(
            'pythia8CommonSettings',
            'pythia8CP5Settings',
            'processParameters'
        )
    )
)

ProductionFilterSequence = cms.Sequence(generator)
",ChargedHiggsToCB M070 TuneCP5 PSweights 13TeV-madgraph-pythia8,Madgraph_V5_2.4.2 Pythia8,HIG-RunIIFall17wmLHEGS-03441
ChargedHiggsToCB_M075_TuneCP5_PSweights_13TeV-madgraph-pythia8,300000,"import FWCore.ParameterSet.Config as cms

externalLHEProducer = cms.EDProducer(""ExternalLHEProducer"",
    args = cms.vstring('/cvmfs/cms.cern.ch/phys_generator/gridpacks/slc6_amd64_gcc481/13TeV/madgraph/V5_2.4.2/ChargedHiggsToCB/v1/ChargedHiggsToCB_M075_slc6_amd64_gcc481_CMSSW_7_1_30_tarball.tar.xz'),
    nEvents = cms.untracked.uint32(5000),
    numberOfParameters = cms.uint32(1),
    outputFile = cms.string('cmsgrid_final.lhe'),
    scriptName = cms.FileInPath('GeneratorInterface/LHEInterface/data/run_generic_tarball_cvmfs.sh')
)

#Link to datacards:
#https://github.com/cms-sw/genproductions/tree/master/bin/MadGraph5_aMCatNLO/cards/production/2017/13TeV/ChargedHiggsToCB

## Pythia8 fragment for 13TeV collisions
from Configuration.Generator.Pythia8CommonSettings_cfi import *
from Configuration.Generator.MCTunes2017.PythiaCP5Settings_cfi import *

generator = cms.EDFilter(""Pythia8HadronizerFilter"",
    pythiaHepMCVerbosity = cms.untracked.bool(False),
    maxEventsToPrint = cms.untracked.int32(0),
    pythiaPylistVerbosity = cms.untracked.int32(1),
    filterEfficiency = cms.untracked.double(1.0),
    crossSection = cms.untracked.double(0.0),
    comEnergy = cms.double(13000.0),
    PythiaParameters = cms.PSet(
        pythia8CommonSettingsBlock,
        pythia8CP5SettingsBlock,
        processParameters = cms.vstring(
            
#PSweights
        'UncertaintyBands:doVariations = on',
# 3 sets of variations for ISR&FSR up/down
# Reduced sqrt(2)/(1/sqrt(2)), Default 2/0.5 and Conservative 4/0.25 variations
        'UncertaintyBands:List = {isrRedHi isr:muRfac=0.707,fsrRedHi fsr:muRfac=0.707,isrRedLo isr:muRfac=1.414,fsrRedLo fsr:muRfac=1.414,isrDefHi isr:muRfac=0.5, fsrDefHi fsr:muRfac=0.5,isrDefLo isr:muRfac=2.0,fsrDefLo fsr:muRfac=2.0,isrConHi isr:muRfac=0.25, fsrConHi fsr:muRfac=0.25,isrConLo isr:muRfac=4.0,fsrConLo fsr:muRfac=4.0}',
 
        'UncertaintyBands:MPIshowers = on',
        'UncertaintyBands:overSampleFSR = 10.0',
        'UncertaintyBands:overSampleISR = 10.0',
        'UncertaintyBands:FSRpTmin2Fac = 20',
        'UncertaintyBands:ISRpTmin2Fac = 1'
        
        ),
        parameterSets = cms.vstring(
            'pythia8CommonSettings',
            'pythia8CP5Settings',
            'processParameters'
        )
    )
)

ProductionFilterSequence = cms.Sequence(generator)
",ChargedHiggsToCB M075 TuneCP5 PSweights 13TeV-madgraph-pythia8,Madgraph_V5_2.4.2 Pythia8,HIG-RunIIFall17wmLHEGS-03442
ChargedHiggsToCB_M080_TuneCP5_PSweights_13TeV-madgraph-pythia8,300000,"import FWCore.ParameterSet.Config as cms

externalLHEProducer = cms.EDProducer(""ExternalLHEProducer"",
    args = cms.vstring('/cvmfs/cms.cern.ch/phys_generator/gridpacks/slc6_amd64_gcc481/13TeV/madgraph/V5_2.4.2/ChargedHiggsToCB/v1/ChargedHiggsToCB_M080_slc6_amd64_gcc481_CMSSW_7_1_30_tarball.tar.xz'),
    nEvents = cms.untracked.uint32(5000),
    numberOfParameters = cms.uint32(1),
    outputFile = cms.string('cmsgrid_final.lhe'),
    scriptName = cms.FileInPath('GeneratorInterface/LHEInterface/data/run_generic_tarball_cvmfs.sh')
)

#Link to datacards:
#https://github.com/cms-sw/genproductions/tree/master/bin/MadGraph5_aMCatNLO/cards/production/2017/13TeV/ChargedHiggsToCB

## Pythia8 fragment for 13TeV collisions
from Configuration.Generator.Pythia8CommonSettings_cfi import *
from Configuration.Generator.MCTunes2017.PythiaCP5Settings_cfi import *

generator = cms.EDFilter(""Pythia8HadronizerFilter"",
    pythiaHepMCVerbosity = cms.untracked.bool(False),
    maxEventsToPrint = cms.untracked.int32(0),
    pythiaPylistVerbosity = cms.untracked.int32(1),
    filterEfficiency = cms.untracked.double(1.0),
    crossSection = cms.untracked.double(0.0),
    comEnergy = cms.double(13000.0),
    PythiaParameters = cms.PSet(
        pythia8CommonSettingsBlock,
        pythia8CP5SettingsBlock,
        processParameters = cms.vstring(
            
#PSweights
        'UncertaintyBands:doVariations = on',
# 3 sets of variations for ISR&FSR up/down
# Reduced sqrt(2)/(1/sqrt(2)), Default 2/0.5 and Conservative 4/0.25 variations
        'UncertaintyBands:List = {isrRedHi isr:muRfac=0.707,fsrRedHi fsr:muRfac=0.707,isrRedLo isr:muRfac=1.414,fsrRedLo fsr:muRfac=1.414,isrDefHi isr:muRfac=0.5, fsrDefHi fsr:muRfac=0.5,isrDefLo isr:muRfac=2.0,fsrDefLo fsr:muRfac=2.0,isrConHi isr:muRfac=0.25, fsrConHi fsr:muRfac=0.25,isrConLo isr:muRfac=4.0,fsrConLo fsr:muRfac=4.0}',
 
        'UncertaintyBands:MPIshowers = on',
        'UncertaintyBands:overSampleFSR = 10.0',
        'UncertaintyBands:overSampleISR = 10.0',
        'UncertaintyBands:FSRpTmin2Fac = 20',
        'UncertaintyBands:ISRpTmin2Fac = 1'
        
        ),
        parameterSets = cms.vstring(
            'pythia8CommonSettings',
            'pythia8CP5Settings',
            'processParameters'
        )
    )
)

ProductionFilterSequence = cms.Sequence(generator)
",ChargedHiggsToCB M080 TuneCP5 PSweights 13TeV-madgraph-pythia8,Madgraph_V5_2.4.2 Pythia8,HIG-RunIIFall17wmLHEGS-03443
ChargedHiggsToCB_M085_TuneCP5_PSweights_13TeV-madgraph-pythia8,300000,"import FWCore.ParameterSet.Config as cms

externalLHEProducer = cms.EDProducer(""ExternalLHEProducer"",
    args = cms.vstring('/cvmfs/cms.cern.ch/phys_generator/gridpacks/slc6_amd64_gcc481/13TeV/madgraph/V5_2.4.2/ChargedHiggsToCB/v1/ChargedHiggsToCB_M085_slc6_amd64_gcc481_CMSSW_7_1_30_tarball.tar.xz'),
    nEvents = cms.untracked.uint32(5000),
    numberOfParameters = cms.uint32(1),
    outputFile = cms.string('cmsgrid_final.lhe'),
    scriptName = cms.FileInPath('GeneratorInterface/LHEInterface/data/run_generic_tarball_cvmfs.sh')
)

#Link to datacards:
#https://github.com/cms-sw/genproductions/tree/master/bin/MadGraph5_aMCatNLO/cards/production/2017/13TeV/ChargedHiggsToCB

## Pythia8 fragment for 13TeV collisions
from Configuration.Generator.Pythia8CommonSettings_cfi import *
from Configuration.Generator.MCTunes2017.PythiaCP5Settings_cfi import *

generator = cms.EDFilter(""Pythia8HadronizerFilter"",
    pythiaHepMCVerbosity = cms.untracked.bool(False),
    maxEventsToPrint = cms.untracked.int32(0),
    pythiaPylistVerbosity = cms.untracked.int32(1),
    filterEfficiency = cms.untracked.double(1.0),
    crossSection = cms.untracked.double(0.0),
    comEnergy = cms.double(13000.0),
    PythiaParameters = cms.PSet(
        pythia8CommonSettingsBlock,
        pythia8CP5SettingsBlock,
        processParameters = cms.vstring(
            
#PSweights
        'UncertaintyBands:doVariations = on',
# 3 sets of variations for ISR&FSR up/down
# Reduced sqrt(2)/(1/sqrt(2)), Default 2/0.5 and Conservative 4/0.25 variations
        'UncertaintyBands:List = {isrRedHi isr:muRfac=0.707,fsrRedHi fsr:muRfac=0.707,isrRedLo isr:muRfac=1.414,fsrRedLo fsr:muRfac=1.414,isrDefHi isr:muRfac=0.5, fsrDefHi fsr:muRfac=0.5,isrDefLo isr:muRfac=2.0,fsrDefLo fsr:muRfac=2.0,isrConHi isr:muRfac=0.25, fsrConHi fsr:muRfac=0.25,isrConLo isr:muRfac=4.0,fsrConLo fsr:muRfac=4.0}',
 
        'UncertaintyBands:MPIshowers = on',
        'UncertaintyBands:overSampleFSR = 10.0',
        'UncertaintyBands:overSampleISR = 10.0',
        'UncertaintyBands:FSRpTmin2Fac = 20',
        'UncertaintyBands:ISRpTmin2Fac = 1'
        
        ),
        parameterSets = cms.vstring(
            'pythia8CommonSettings',
            'pythia8CP5Settings',
            'processParameters'
        )
    )
)

ProductionFilterSequence = cms.Sequence(generator)
",ChargedHiggsToCB M085 TuneCP5 PSweights 13TeV-madgraph-pythia8,Madgraph_V5_2.4.2 Pythia8,HIG-RunIIFall17wmLHEGS-03444
ChargedHiggsToCB_M090_TuneCP5_PSweights_13TeV-madgraph-pythia8,300000,"import FWCore.ParameterSet.Config as cms

externalLHEProducer = cms.EDProducer(""ExternalLHEProducer"",
    args = cms.vstring('/cvmfs/cms.cern.ch/phys_generator/gridpacks/slc6_amd64_gcc481/13TeV/madgraph/V5_2.4.2/ChargedHiggsToCB/v1/ChargedHiggsToCB_M090_slc6_amd64_gcc481_CMSSW_7_1_30_tarball.tar.xz'),
    nEvents = cms.untracked.uint32(5000),
    numberOfParameters = cms.uint32(1),
    outputFile = cms.string('cmsgrid_final.lhe'),
    scriptName = cms.FileInPath('GeneratorInterface/LHEInterface/data/run_generic_tarball_cvmfs.sh')
)

#Link to datacards:
#https://github.com/cms-sw/genproductions/tree/master/bin/MadGraph5_aMCatNLO/cards/production/2017/13TeV/ChargedHiggsToCB

## Pythia8 fragment for 13TeV collisions
from Configuration.Generator.Pythia8CommonSettings_cfi import *
from Configuration.Generator.MCTunes2017.PythiaCP5Settings_cfi import *

generator = cms.EDFilter(""Pythia8HadronizerFilter"",
    pythiaHepMCVerbosity = cms.untracked.bool(False),
    maxEventsToPrint = cms.untracked.int32(0),
    pythiaPylistVerbosity = cms.untracked.int32(1),
    filterEfficiency = cms.untracked.double(1.0),
    crossSection = cms.untracked.double(0.0),
    comEnergy = cms.double(13000.0),
    PythiaParameters = cms.PSet(
        pythia8CommonSettingsBlock,
        pythia8CP5SettingsBlock,
        processParameters = cms.vstring(
            
#PSweights
        'UncertaintyBands:doVariations = on',
# 3 sets of variations for ISR&FSR up/down
# Reduced sqrt(2)/(1/sqrt(2)), Default 2/0.5 and Conservative 4/0.25 variations
        'UncertaintyBands:List = {isrRedHi isr:muRfac=0.707,fsrRedHi fsr:muRfac=0.707,isrRedLo isr:muRfac=1.414,fsrRedLo fsr:muRfac=1.414,isrDefHi isr:muRfac=0.5, fsrDefHi fsr:muRfac=0.5,isrDefLo isr:muRfac=2.0,fsrDefLo fsr:muRfac=2.0,isrConHi isr:muRfac=0.25, fsrConHi fsr:muRfac=0.25,isrConLo isr:muRfac=4.0,fsrConLo fsr:muRfac=4.0}',
 
        'UncertaintyBands:MPIshowers = on',
        'UncertaintyBands:overSampleFSR = 10.0',
        'UncertaintyBands:overSampleISR = 10.0',
        'UncertaintyBands:FSRpTmin2Fac = 20',
        'UncertaintyBands:ISRpTmin2Fac = 1'
        
        ),
        parameterSets = cms.vstring(
            'pythia8CommonSettings',
            'pythia8CP5Settings',
            'processParameters'
        )
    )
)

ProductionFilterSequence = cms.Sequence(generator)
",ChargedHiggsToCB M090 TuneCP5 PSweights 13TeV-madgraph-pythia8,Madgraph_V5_2.4.2 Pythia8,HIG-RunIIFall17wmLHEGS-03445
ChargedHiggsToCB_M100_TuneCP5_PSweights_13TeV-madgraph-pythia8,300000,"import FWCore.ParameterSet.Config as cms

externalLHEProducer = cms.EDProducer(""ExternalLHEProducer"",
    args = cms.vstring('/cvmfs/cms.cern.ch/phys_generator/gridpacks/slc6_amd64_gcc481/13TeV/madgraph/V5_2.4.2/ChargedHiggsToCB/v1/ChargedHiggsToCB_M100_slc6_amd64_gcc481_CMSSW_7_1_30_tarball.tar.xz'),
    nEvents = cms.untracked.uint32(5000),
    numberOfParameters = cms.uint32(1),
    outputFile = cms.string('cmsgrid_final.lhe'),
    scriptName = cms.FileInPath('GeneratorInterface/LHEInterface/data/run_generic_tarball_cvmfs.sh')
)

#Link to datacards:
#https://github.com/cms-sw/genproductions/tree/master/bin/MadGraph5_aMCatNLO/cards/production/2017/13TeV/ChargedHiggsToCB

## Pythia8 fragment for 13TeV collisions
from Configuration.Generator.Pythia8CommonSettings_cfi import *
from Configuration.Generator.MCTunes2017.PythiaCP5Settings_cfi import *

generator = cms.EDFilter(""Pythia8HadronizerFilter"",
    pythiaHepMCVerbosity = cms.untracked.bool(False),
    maxEventsToPrint = cms.untracked.int32(0),
    pythiaPylistVerbosity = cms.untracked.int32(1),
    filterEfficiency = cms.untracked.double(1.0),
    crossSection = cms.untracked.double(0.0),
    comEnergy = cms.double(13000.0),
    PythiaParameters = cms.PSet(
        pythia8CommonSettingsBlock,
        pythia8CP5SettingsBlock,
        processParameters = cms.vstring(
            
#PSweights
        'UncertaintyBands:doVariations = on',
# 3 sets of variations for ISR&FSR up/down
# Reduced sqrt(2)/(1/sqrt(2)), Default 2/0.5 and Conservative 4/0.25 variations
        'UncertaintyBands:List = {isrRedHi isr:muRfac=0.707,fsrRedHi fsr:muRfac=0.707,isrRedLo isr:muRfac=1.414,fsrRedLo fsr:muRfac=1.414,isrDefHi isr:muRfac=0.5, fsrDefHi fsr:muRfac=0.5,isrDefLo isr:muRfac=2.0,fsrDefLo fsr:muRfac=2.0,isrConHi isr:muRfac=0.25, fsrConHi fsr:muRfac=0.25,isrConLo isr:muRfac=4.0,fsrConLo fsr:muRfac=4.0}',
 
        'UncertaintyBands:MPIshowers = on',
        'UncertaintyBands:overSampleFSR = 10.0',
        'UncertaintyBands:overSampleISR = 10.0',
        'UncertaintyBands:FSRpTmin2Fac = 20',
        'UncertaintyBands:ISRpTmin2Fac = 1'
        
        ),
        parameterSets = cms.vstring(
            'pythia8CommonSettings',
            'pythia8CP5Settings',
            'processParameters'
        )
    )
)

ProductionFilterSequence = cms.Sequence(generator)
",ChargedHiggsToCB M100 TuneCP5 PSweights 13TeV-madgraph-pythia8,Madgraph_V5_2.4.2 Pythia8,HIG-RunIIFall17wmLHEGS-03446
ChargedHiggsToCB_M110_TuneCP5_PSweights_13TeV-madgraph-pythia8,300000,"import FWCore.ParameterSet.Config as cms

externalLHEProducer = cms.EDProducer(""ExternalLHEProducer"",
    args = cms.vstring('/cvmfs/cms.cern.ch/phys_generator/gridpacks/slc6_amd64_gcc481/13TeV/madgraph/V5_2.4.2/ChargedHiggsToCB/v1/ChargedHiggsToCB_M110_slc6_amd64_gcc481_CMSSW_7_1_30_tarball.tar.xz'),
    nEvents = cms.untracked.uint32(5000),
    numberOfParameters = cms.uint32(1),
    outputFile = cms.string('cmsgrid_final.lhe'),
    scriptName = cms.FileInPath('GeneratorInterface/LHEInterface/data/run_generic_tarball_cvmfs.sh')
)

#Link to datacards:
#https://github.com/cms-sw/genproductions/tree/master/bin/MadGraph5_aMCatNLO/cards/production/2017/13TeV/ChargedHiggsToCB

## Pythia8 fragment for 13TeV collisions
from Configuration.Generator.Pythia8CommonSettings_cfi import *
from Configuration.Generator.MCTunes2017.PythiaCP5Settings_cfi import *

generator = cms.EDFilter(""Pythia8HadronizerFilter"",
    pythiaHepMCVerbosity = cms.untracked.bool(False),
    maxEventsToPrint = cms.untracked.int32(0),
    pythiaPylistVerbosity = cms.untracked.int32(1),
    filterEfficiency = cms.untracked.double(1.0),
    crossSection = cms.untracked.double(0.0),
    comEnergy = cms.double(13000.0),
    PythiaParameters = cms.PSet(
        pythia8CommonSettingsBlock,
        pythia8CP5SettingsBlock,
        processParameters = cms.vstring(
            
#PSweights
        'UncertaintyBands:doVariations = on',
# 3 sets of variations for ISR&FSR up/down
# Reduced sqrt(2)/(1/sqrt(2)), Default 2/0.5 and Conservative 4/0.25 variations
        'UncertaintyBands:List = {isrRedHi isr:muRfac=0.707,fsrRedHi fsr:muRfac=0.707,isrRedLo isr:muRfac=1.414,fsrRedLo fsr:muRfac=1.414,isrDefHi isr:muRfac=0.5, fsrDefHi fsr:muRfac=0.5,isrDefLo isr:muRfac=2.0,fsrDefLo fsr:muRfac=2.0,isrConHi isr:muRfac=0.25, fsrConHi fsr:muRfac=0.25,isrConLo isr:muRfac=4.0,fsrConLo fsr:muRfac=4.0}',
 
        'UncertaintyBands:MPIshowers = on',
        'UncertaintyBands:overSampleFSR = 10.0',
        'UncertaintyBands:overSampleISR = 10.0',
        'UncertaintyBands:FSRpTmin2Fac = 20',
        'UncertaintyBands:ISRpTmin2Fac = 1'
        
        ),
        parameterSets = cms.vstring(
            'pythia8CommonSettings',
            'pythia8CP5Settings',
            'processParameters'
        )
    )
)

ProductionFilterSequence = cms.Sequence(generator)
",ChargedHiggsToCB M110 TuneCP5 PSweights 13TeV-madgraph-pythia8,Madgraph_V5_2.4.2 Pythia8,HIG-RunIIFall17wmLHEGS-03447
ChargedHiggsToCB_M120_TuneCP5_PSweights_13TeV-madgraph-pythia8,300000,"import FWCore.ParameterSet.Config as cms

externalLHEProducer = cms.EDProducer(""ExternalLHEProducer"",
    args = cms.vstring('/cvmfs/cms.cern.ch/phys_generator/gridpacks/slc6_amd64_gcc481/13TeV/madgraph/V5_2.4.2/ChargedHiggsToCB/v1/ChargedHiggsToCB_M120_slc6_amd64_gcc481_CMSSW_7_1_30_tarball.tar.xz'),
    nEvents = cms.untracked.uint32(5000),
    numberOfParameters = cms.uint32(1),
    outputFile = cms.string('cmsgrid_final.lhe'),
    scriptName = cms.FileInPath('GeneratorInterface/LHEInterface/data/run_generic_tarball_cvmfs.sh')
)

#Link to datacards:
#https://github.com/cms-sw/genproductions/tree/master/bin/MadGraph5_aMCatNLO/cards/production/2017/13TeV/ChargedHiggsToCB

## Pythia8 fragment for 13TeV collisions
from Configuration.Generator.Pythia8CommonSettings_cfi import *
from Configuration.Generator.MCTunes2017.PythiaCP5Settings_cfi import *

generator = cms.EDFilter(""Pythia8HadronizerFilter"",
    pythiaHepMCVerbosity = cms.untracked.bool(False),
    maxEventsToPrint = cms.untracked.int32(0),
    pythiaPylistVerbosity = cms.untracked.int32(1),
    filterEfficiency = cms.untracked.double(1.0),
    crossSection = cms.untracked.double(0.0),
    comEnergy = cms.double(13000.0),
    PythiaParameters = cms.PSet(
        pythia8CommonSettingsBlock,
        pythia8CP5SettingsBlock,
        processParameters = cms.vstring(
            
#PSweights
        'UncertaintyBands:doVariations = on',
# 3 sets of variations for ISR&FSR up/down
# Reduced sqrt(2)/(1/sqrt(2)), Default 2/0.5 and Conservative 4/0.25 variations
        'UncertaintyBands:List = {isrRedHi isr:muRfac=0.707,fsrRedHi fsr:muRfac=0.707,isrRedLo isr:muRfac=1.414,fsrRedLo fsr:muRfac=1.414,isrDefHi isr:muRfac=0.5, fsrDefHi fsr:muRfac=0.5,isrDefLo isr:muRfac=2.0,fsrDefLo fsr:muRfac=2.0,isrConHi isr:muRfac=0.25, fsrConHi fsr:muRfac=0.25,isrConLo isr:muRfac=4.0,fsrConLo fsr:muRfac=4.0}',
 
        'UncertaintyBands:MPIshowers = on',
        'UncertaintyBands:overSampleFSR = 10.0',
        'UncertaintyBands:overSampleISR = 10.0',
        'UncertaintyBands:FSRpTmin2Fac = 20',
        'UncertaintyBands:ISRpTmin2Fac = 1'
        
        ),
        parameterSets = cms.vstring(
            'pythia8CommonSettings',
            'pythia8CP5Settings',
            'processParameters'
        )
    )
)

ProductionFilterSequence = cms.Sequence(generator)
",ChargedHiggsToCB M120 TuneCP5 PSweights 13TeV-madgraph-pythia8,Madgraph_V5_2.4.2 Pythia8,HIG-RunIIFall17wmLHEGS-03448
ChargedHiggsToCB_M125_TuneCP5_PSweights_13TeV-madgraph-pythia8,300000,"import FWCore.ParameterSet.Config as cms

externalLHEProducer = cms.EDProducer(""ExternalLHEProducer"",
    args = cms.vstring('/cvmfs/cms.cern.ch/phys_generator/gridpacks/slc6_amd64_gcc481/13TeV/madgraph/V5_2.4.2/ChargedHiggsToCB/v1/ChargedHiggsToCB_M125_slc6_amd64_gcc481_CMSSW_7_1_30_tarball.tar.xz'),
    nEvents = cms.untracked.uint32(5000),
    numberOfParameters = cms.uint32(1),
    outputFile = cms.string('cmsgrid_final.lhe'),
    scriptName = cms.FileInPath('GeneratorInterface/LHEInterface/data/run_generic_tarball_cvmfs.sh')
)

#Link to datacards:
#https://github.com/cms-sw/genproductions/tree/master/bin/MadGraph5_aMCatNLO/cards/production/2017/13TeV/ChargedHiggsToCB

## Pythia8 fragment for 13TeV collisions
from Configuration.Generator.Pythia8CommonSettings_cfi import *
from Configuration.Generator.MCTunes2017.PythiaCP5Settings_cfi import *

generator = cms.EDFilter(""Pythia8HadronizerFilter"",
    pythiaHepMCVerbosity = cms.untracked.bool(False),
    maxEventsToPrint = cms.untracked.int32(0),
    pythiaPylistVerbosity = cms.untracked.int32(1),
    filterEfficiency = cms.untracked.double(1.0),
    crossSection = cms.untracked.double(0.0),
    comEnergy = cms.double(13000.0),
    PythiaParameters = cms.PSet(
        pythia8CommonSettingsBlock,
        pythia8CP5SettingsBlock,
        processParameters = cms.vstring(
            
#PSweights
        'UncertaintyBands:doVariations = on',
# 3 sets of variations for ISR&FSR up/down
# Reduced sqrt(2)/(1/sqrt(2)), Default 2/0.5 and Conservative 4/0.25 variations
        'UncertaintyBands:List = {isrRedHi isr:muRfac=0.707,fsrRedHi fsr:muRfac=0.707,isrRedLo isr:muRfac=1.414,fsrRedLo fsr:muRfac=1.414,isrDefHi isr:muRfac=0.5, fsrDefHi fsr:muRfac=0.5,isrDefLo isr:muRfac=2.0,fsrDefLo fsr:muRfac=2.0,isrConHi isr:muRfac=0.25, fsrConHi fsr:muRfac=0.25,isrConLo isr:muRfac=4.0,fsrConLo fsr:muRfac=4.0}',
 
        'UncertaintyBands:MPIshowers = on',
        'UncertaintyBands:overSampleFSR = 10.0',
        'UncertaintyBands:overSampleISR = 10.0',
        'UncertaintyBands:FSRpTmin2Fac = 20',
        'UncertaintyBands:ISRpTmin2Fac = 1'
        
        ),
        parameterSets = cms.vstring(
            'pythia8CommonSettings',
            'pythia8CP5Settings',
            'processParameters'
        )
    )
)

ProductionFilterSequence = cms.Sequence(generator)
",ChargedHiggsToCB M125 TuneCP5 PSweights 13TeV-madgraph-pythia8,Madgraph_V5_2.4.2 Pythia8,HIG-RunIIFall17wmLHEGS-03449
ChargedHiggsToCB_M130_TuneCP5_PSweights_13TeV-madgraph-pythia8,300000,"import FWCore.ParameterSet.Config as cms

externalLHEProducer = cms.EDProducer(""ExternalLHEProducer"",
    args = cms.vstring('/cvmfs/cms.cern.ch/phys_generator/gridpacks/slc6_amd64_gcc481/13TeV/madgraph/V5_2.4.2/ChargedHiggsToCB/v1/ChargedHiggsToCB_M130_slc6_amd64_gcc481_CMSSW_7_1_30_tarball.tar.xz'),
    nEvents = cms.untracked.uint32(5000),
    numberOfParameters = cms.uint32(1),
    outputFile = cms.string('cmsgrid_final.lhe'),
    scriptName = cms.FileInPath('GeneratorInterface/LHEInterface/data/run_generic_tarball_cvmfs.sh')
)

#Link to datacards:
#https://github.com/cms-sw/genproductions/tree/master/bin/MadGraph5_aMCatNLO/cards/production/2017/13TeV/ChargedHiggsToCB

## Pythia8 fragment for 13TeV collisions
from Configuration.Generator.Pythia8CommonSettings_cfi import *
from Configuration.Generator.MCTunes2017.PythiaCP5Settings_cfi import *

generator = cms.EDFilter(""Pythia8HadronizerFilter"",
    pythiaHepMCVerbosity = cms.untracked.bool(False),
    maxEventsToPrint = cms.untracked.int32(0),
    pythiaPylistVerbosity = cms.untracked.int32(1),
    filterEfficiency = cms.untracked.double(1.0),
    crossSection = cms.untracked.double(0.0),
    comEnergy = cms.double(13000.0),
    PythiaParameters = cms.PSet(
        pythia8CommonSettingsBlock,
        pythia8CP5SettingsBlock,
        processParameters = cms.vstring(
            
#PSweights
        'UncertaintyBands:doVariations = on',
# 3 sets of variations for ISR&FSR up/down
# Reduced sqrt(2)/(1/sqrt(2)), Default 2/0.5 and Conservative 4/0.25 variations
        'UncertaintyBands:List = {isrRedHi isr:muRfac=0.707,fsrRedHi fsr:muRfac=0.707,isrRedLo isr:muRfac=1.414,fsrRedLo fsr:muRfac=1.414,isrDefHi isr:muRfac=0.5, fsrDefHi fsr:muRfac=0.5,isrDefLo isr:muRfac=2.0,fsrDefLo fsr:muRfac=2.0,isrConHi isr:muRfac=0.25, fsrConHi fsr:muRfac=0.25,isrConLo isr:muRfac=4.0,fsrConLo fsr:muRfac=4.0}',
 
        'UncertaintyBands:MPIshowers = on',
        'UncertaintyBands:overSampleFSR = 10.0',
        'UncertaintyBands:overSampleISR = 10.0',
        'UncertaintyBands:FSRpTmin2Fac = 20',
        'UncertaintyBands:ISRpTmin2Fac = 1'
        
        ),
        parameterSets = cms.vstring(
            'pythia8CommonSettings',
            'pythia8CP5Settings',
            'processParameters'
        )
    )
)

ProductionFilterSequence = cms.Sequence(generator)
",ChargedHiggsToCB M130 TuneCP5 PSweights 13TeV-madgraph-pythia8,Madgraph_V5_2.4.2 Pythia8,HIG-RunIIFall17wmLHEGS-03450
ChargedHiggsToCB_M140_TuneCP5_PSweights_13TeV-madgraph-pythia8,300000,"import FWCore.ParameterSet.Config as cms

externalLHEProducer = cms.EDProducer(""ExternalLHEProducer"",
    args = cms.vstring('/cvmfs/cms.cern.ch/phys_generator/gridpacks/slc6_amd64_gcc481/13TeV/madgraph/V5_2.4.2/ChargedHiggsToCB/v1/ChargedHiggsToCB_M140_slc6_amd64_gcc481_CMSSW_7_1_30_tarball.tar.xz'),
    nEvents = cms.untracked.uint32(5000),
    numberOfParameters = cms.uint32(1),
    outputFile = cms.string('cmsgrid_final.lhe'),
    scriptName = cms.FileInPath('GeneratorInterface/LHEInterface/data/run_generic_tarball_cvmfs.sh')
)

#Link to datacards:
#https://github.com/cms-sw/genproductions/tree/master/bin/MadGraph5_aMCatNLO/cards/production/2017/13TeV/ChargedHiggsToCB

## Pythia8 fragment for 13TeV collisions
from Configuration.Generator.Pythia8CommonSettings_cfi import *
from Configuration.Generator.MCTunes2017.PythiaCP5Settings_cfi import *

generator = cms.EDFilter(""Pythia8HadronizerFilter"",
    pythiaHepMCVerbosity = cms.untracked.bool(False),
    maxEventsToPrint = cms.untracked.int32(0),
    pythiaPylistVerbosity = cms.untracked.int32(1),
    filterEfficiency = cms.untracked.double(1.0),
    crossSection = cms.untracked.double(0.0),
    comEnergy = cms.double(13000.0),
    PythiaParameters = cms.PSet(
        pythia8CommonSettingsBlock,
        pythia8CP5SettingsBlock,
        processParameters = cms.vstring(
            
#PSweights
        'UncertaintyBands:doVariations = on',
# 3 sets of variations for ISR&FSR up/down
# Reduced sqrt(2)/(1/sqrt(2)), Default 2/0.5 and Conservative 4/0.25 variations
        'UncertaintyBands:List = {isrRedHi isr:muRfac=0.707,fsrRedHi fsr:muRfac=0.707,isrRedLo isr:muRfac=1.414,fsrRedLo fsr:muRfac=1.414,isrDefHi isr:muRfac=0.5, fsrDefHi fsr:muRfac=0.5,isrDefLo isr:muRfac=2.0,fsrDefLo fsr:muRfac=2.0,isrConHi isr:muRfac=0.25, fsrConHi fsr:muRfac=0.25,isrConLo isr:muRfac=4.0,fsrConLo fsr:muRfac=4.0}',
 
        'UncertaintyBands:MPIshowers = on',
        'UncertaintyBands:overSampleFSR = 10.0',
        'UncertaintyBands:overSampleISR = 10.0',
        'UncertaintyBands:FSRpTmin2Fac = 20',
        'UncertaintyBands:ISRpTmin2Fac = 1'
        
        ),
        parameterSets = cms.vstring(
            'pythia8CommonSettings',
            'pythia8CP5Settings',
            'processParameters'
        )
    )
)

ProductionFilterSequence = cms.Sequence(generator)
",ChargedHiggsToCB M140 TuneCP5 PSweights 13TeV-madgraph-pythia8,Madgraph_V5_2.4.2 Pythia8,HIG-RunIIFall17wmLHEGS-03451
ChargedHiggsToCB_M150_TuneCP5_PSweights_13TeV-madgraph-pythia8,300000,"import FWCore.ParameterSet.Config as cms

externalLHEProducer = cms.EDProducer(""ExternalLHEProducer"",
    args = cms.vstring('/cvmfs/cms.cern.ch/phys_generator/gridpacks/slc6_amd64_gcc481/13TeV/madgraph/V5_2.4.2/ChargedHiggsToCB/v1/ChargedHiggsToCB_M150_slc6_amd64_gcc481_CMSSW_7_1_30_tarball.tar.xz'),
    nEvents = cms.untracked.uint32(5000),
    numberOfParameters = cms.uint32(1),
    outputFile = cms.string('cmsgrid_final.lhe'),
    scriptName = cms.FileInPath('GeneratorInterface/LHEInterface/data/run_generic_tarball_cvmfs.sh')
)

#Link to datacards:
#https://github.com/cms-sw/genproductions/tree/master/bin/MadGraph5_aMCatNLO/cards/production/2017/13TeV/ChargedHiggsToCB

## Pythia8 fragment for 13TeV collisions
from Configuration.Generator.Pythia8CommonSettings_cfi import *
from Configuration.Generator.MCTunes2017.PythiaCP5Settings_cfi import *

generator = cms.EDFilter(""Pythia8HadronizerFilter"",
    pythiaHepMCVerbosity = cms.untracked.bool(False),
    maxEventsToPrint = cms.untracked.int32(0),
    pythiaPylistVerbosity = cms.untracked.int32(1),
    filterEfficiency = cms.untracked.double(1.0),
    crossSection = cms.untracked.double(0.0),
    comEnergy = cms.double(13000.0),
    PythiaParameters = cms.PSet(
        pythia8CommonSettingsBlock,
        pythia8CP5SettingsBlock,
        processParameters = cms.vstring(
            
#PSweights
        'UncertaintyBands:doVariations = on',
# 3 sets of variations for ISR&FSR up/down
# Reduced sqrt(2)/(1/sqrt(2)), Default 2/0.5 and Conservative 4/0.25 variations
        'UncertaintyBands:List = {isrRedHi isr:muRfac=0.707,fsrRedHi fsr:muRfac=0.707,isrRedLo isr:muRfac=1.414,fsrRedLo fsr:muRfac=1.414,isrDefHi isr:muRfac=0.5, fsrDefHi fsr:muRfac=0.5,isrDefLo isr:muRfac=2.0,fsrDefLo fsr:muRfac=2.0,isrConHi isr:muRfac=0.25, fsrConHi fsr:muRfac=0.25,isrConLo isr:muRfac=4.0,fsrConLo fsr:muRfac=4.0}',
 
        'UncertaintyBands:MPIshowers = on',
        'UncertaintyBands:overSampleFSR = 10.0',
        'UncertaintyBands:overSampleISR = 10.0',
        'UncertaintyBands:FSRpTmin2Fac = 20',
        'UncertaintyBands:ISRpTmin2Fac = 1'
        
        ),
        parameterSets = cms.vstring(
            'pythia8CommonSettings',
            'pythia8CP5Settings',
            'processParameters'
        )
    )
)

ProductionFilterSequence = cms.Sequence(generator)
",ChargedHiggsToCB M150 TuneCP5 PSweights 13TeV-madgraph-pythia8,Madgraph_V5_2.4.2 Pythia8,HIG-RunIIFall17wmLHEGS-03452
ChargedHiggsToCB_M160_TuneCP5_PSweights_13TeV-madgraph-pythia8,300000,"import FWCore.ParameterSet.Config as cms

externalLHEProducer = cms.EDProducer(""ExternalLHEProducer"",
    args = cms.vstring('/cvmfs/cms.cern.ch/phys_generator/gridpacks/slc6_amd64_gcc481/13TeV/madgraph/V5_2.4.2/ChargedHiggsToCB/v1/ChargedHiggsToCB_M160_slc6_amd64_gcc481_CMSSW_7_1_30_tarball.tar.xz'),
    nEvents = cms.untracked.uint32(5000),
    numberOfParameters = cms.uint32(1),
    outputFile = cms.string('cmsgrid_final.lhe'),
    scriptName = cms.FileInPath('GeneratorInterface/LHEInterface/data/run_generic_tarball_cvmfs.sh')
)

#Link to datacards:
#https://github.com/cms-sw/genproductions/tree/master/bin/MadGraph5_aMCatNLO/cards/production/2017/13TeV/ChargedHiggsToCB

## Pythia8 fragment for 13TeV collisions
from Configuration.Generator.Pythia8CommonSettings_cfi import *
from Configuration.Generator.MCTunes2017.PythiaCP5Settings_cfi import *

generator = cms.EDFilter(""Pythia8HadronizerFilter"",
    pythiaHepMCVerbosity = cms.untracked.bool(False),
    maxEventsToPrint = cms.untracked.int32(0),
    pythiaPylistVerbosity = cms.untracked.int32(1),
    filterEfficiency = cms.untracked.double(1.0),
    crossSection = cms.untracked.double(0.0),
    comEnergy = cms.double(13000.0),
    PythiaParameters = cms.PSet(
        pythia8CommonSettingsBlock,
        pythia8CP5SettingsBlock,
        processParameters = cms.vstring(
            
#PSweights
        'UncertaintyBands:doVariations = on',
# 3 sets of variations for ISR&FSR up/down
# Reduced sqrt(2)/(1/sqrt(2)), Default 2/0.5 and Conservative 4/0.25 variations
        'UncertaintyBands:List = {isrRedHi isr:muRfac=0.707,fsrRedHi fsr:muRfac=0.707,isrRedLo isr:muRfac=1.414,fsrRedLo fsr:muRfac=1.414,isrDefHi isr:muRfac=0.5, fsrDefHi fsr:muRfac=0.5,isrDefLo isr:muRfac=2.0,fsrDefLo fsr:muRfac=2.0,isrConHi isr:muRfac=0.25, fsrConHi fsr:muRfac=0.25,isrConLo isr:muRfac=4.0,fsrConLo fsr:muRfac=4.0}',
 
        'UncertaintyBands:MPIshowers = on',
        'UncertaintyBands:overSampleFSR = 10.0',
        'UncertaintyBands:overSampleISR = 10.0',
        'UncertaintyBands:FSRpTmin2Fac = 20',
        'UncertaintyBands:ISRpTmin2Fac = 1'
        
        ),
        parameterSets = cms.vstring(
            'pythia8CommonSettings',
            'pythia8CP5Settings',
            'processParameters'
        )
    )
)

ProductionFilterSequence = cms.Sequence(generator)
",ChargedHiggsToCB M160 TuneCP5 PSweights 13TeV-madgraph-pythia8,Madgraph_V5_2.4.2 Pythia8,HIG-RunIIFall17wmLHEGS-03453
